Workbook
Name drp_AbrZeitraum: Dropdowns!$H$2:$H$12
Name drp_BetragZeit: Dropdowns!$D$2:$D$3
Name drp_FestVariabel: Dropdowns!$F$2:$F$3
Name drp_Sprache: Dropdowns!$B$2:$B$3
Name FlexiFormTyp: "Stundenerfassung"
Name Stundenerfassung: Stundenerfassung!$A$1
Name vba_AbrZeitraum: Stundenerfassung!$B$7
Name vba_ErsteLohnart: Stundenerfassung!$F$4
Name vba_FirmenNr: Stundenerfassung!$C$4
Name vba_PNr: Stundenerfassung!$C$7

Sheet Stundenerfassung
B2: =Beschriftungen!C2 -> Sprachauswahl | C2: Deutsch
B3: =Beschriftungen!C3 -> Firma | C3: AlfaMile GmbH
B4: =Beschriftungen!C4 -> Mandantennummer | C4: 5405/55505 | F4: =Beschriftungen!$C$8 -> Lohnart: | G4: =Beschriftungen!$C$8 -> Lohnart: | H4: =Beschriftungen!$C$8 -> Lohnart: | I4: =Beschriftungen!$C$8 -> Lohnart: | J4: =Beschriftungen!$C$8 -> Lohnart: | K4: =Beschriftungen!$C$8 -> Lohnart: | L4: =Beschriftungen!$C$8 -> Lohnart: | M4: =Beschriftungen!$C$8 -> Lohnart: | ... JL4: =Beschriftungen!$C$8 -> Lohnart:
F5: Amazon Schulung | G5: Fahrgeld / Pauschal | H5: Verpflegungsmehraufwand St/SV frei | I5: Abzug / Sonstige | J5: Abzug / Vorschuß | K5: Abzug / Bußgeld | L5: DA Bonus
F6: =IF(F5="","",INDEX(Beschriftungen!$C:$C,MATCH(INDEX(Lohnarten!$C:$C,MATCH(F5,Lohnarten!$B:$B,0)),Beschriftungen!$D:$D,0))) -> Zeit | G6: =IF(G5="","",INDEX(Beschriftungen!$C:$C,MATCH(INDEX(Lohnarten!$C:$C,MATCH(G5,Lohnarten!$B:$B,0)),Beschriftungen!$D:$D,0))) -> Betrag | H6: =IF(H5="","",INDEX(Beschriftungen!$C:$C,MATCH(INDEX(Lohnarten!$C:$C,MATCH(H5,Lohnarten!$B:$B,0)),Beschriftungen!$D:$D,0))) -> Betrag | I6: =IF(I5="","",INDEX(Beschriftungen!$C:$C,MATCH(INDEX(Lohnarten!$C:$C,MATCH(I5,Lohnarten!$B:$B,0)),Beschriftungen!$D:$D,0))) -> Betrag | J6: =IF(J5="","",INDEX(Beschriftungen!$C:$C,MATCH(INDEX(Lohnarten!$C:$C,MATCH(J5,Lohnarten!$B:$B,0)),Beschriftungen!$D:$D,0))) -> Betrag | K6: =IF(K5="","",INDEX(Beschriftungen!$C:$C,MATCH(INDEX(Lohnarten!$C:$C,MATCH(K5,Lohnarten!$B:$B,0)),Beschriftungen!$D:$D,0))) -> Betrag | L6: =IF(L5="","",INDEX(Beschriftungen!$C:$C,MATCH(INDEX(Lohnarten!$C:$C,MATCH(L5,Lohnarten!$B:$B,0)),Beschriftungen!$D:$D,0))) -> Betrag | M6: =IF(M5="","",INDEX(Beschriftungen!$C:$C,MATCH(INDEX(Lohnarten!$C:$C,MATCH(M5,Lohnarten!$B:$B,0)),Beschriftungen!$D:$D,0))) | ... JL6: =IF(JL5="","",INDEX(Beschriftungen!$C:$C,MATCH(INDEX(Lohnarten!$C:$C,MATCH(JL5,Lohnarten!$B:$B,0)),Beschriftungen!$D:$D,0)))
B7: =Beschriftungen!C5 -> Abrechnungszeitraum | C7: =Beschriftungen!C6 -> Personalnummer | D7: =Beschriftungen!C7 -> Arbeitnehmer | E7: Anmerkungen | F7: =IF(F5="","",INDEX(Beschriftungen!$C:$C,MATCH(INDEX(Lohnarten!$D:$D,MATCH(F5,Lohnarten!$B:$B,0)),Beschriftungen!$D:$D,0))) -> Variabel | G7: =IF(G5="","",INDEX(Beschriftungen!$C:$C,MATCH(INDEX(Lohnarten!$D:$D,MATCH(G5,Lohnarten!$B:$B,0)),Beschriftungen!$D:$D,0))) -> Variabel | H7: =IF(H5="","",INDEX(Beschriftungen!$C:$C,MATCH(INDEX(Lohnarten!$D:$D,MATCH(H5,Lohnarten!$B:$B,0)),Beschriftungen!$D:$D,0))) -> Variabel | I7: =IF(I5="","",INDEX(Beschriftungen!$C:$C,MATCH(INDEX(Lohnarten!$D:$D,MATCH(I5,Lohnarten!$B:$B,0)),Beschriftungen!$D:$D,0))) -> Variabel | J7: =IF(J5="","",INDEX(Beschriftungen!$C:$C,MATCH(INDEX(Lohnarten!$D:$D,MATCH(J5,Lohnarten!$B:$B,0)),Beschriftungen!$D:$D,0))) -> Variabel | K7: =IF(K5="","",INDEX(Beschriftungen!$C:$C,MATCH(INDEX(Lohnarten!$D:$D,MATCH(K5,Lohnarten!$B:$B,0)),Beschriftungen!$D:$D,0))) -> Variabel | L7: =IF(L5="","",INDEX(Beschriftungen!$C:$C,MATCH(INDEX(Lohnarten!$D:$D,MATCH(L5,Lohnarten!$B:$B,0)),Beschriftungen!$D:$D,0))) -> Variabel | M7: =IF(M5="","",INDEX(Beschriftungen!$C:$C,MATCH(INDEX(Lohnarten!$D:$D,MATCH(M5,Lohnarten!$B:$B,0)),Beschriftungen!$D:$D,0))) | ... JL7: =IF(JL5="","",INDEX(Beschriftungen!$C:$C,MATCH(INDEX(Lohnarten!$D:$D,MATCH(JL5,Lohnarten!$B:$B,0)),Beschriftungen!$D:$D,0)))

Sheet Lohnarten
B1: Lohnart "Bezeichnung" | C1: Art des Wertes (Betrag oder Zeit) | D1: Art der Lohnart (Fest oder Variabel)
B2: Amazon Schulung | C2: Zeit | D2: Variabel
B3: Amazon Thank You Bonus | C3: Betrag | D3: Variabel
B4: DA Bonus | C4: Betrag | D4: Variabel
B5: Prime Week Bonus | C5: Betrag | D5: Variabel
B6: Bonus | C6: Betrag | D6: Variabel
B7: Verpflegungsmehraufwand St/SV frei | C7: Betrag | D7: Variabel
B8: Abzug / Bußgeld | C8: Betrag | D8: Variabel
B9: Abzug / Unfallschaden | C9: Betrag | D9: Variabel
B10: Abzug / Vorschuß | C10: Betrag | D10: Variabel
B11: Abzug / Sonstige | C11: Betrag | D11: Variabel
B12: Fahrgeld / Pauschal | C12: Betrag | D12: Variabel

Sheet Beschriftungen
A1: Version | C1: Gewählt | D1: Ger | E1: En
A2: 1.2 | C2: {=_xlfn.IFS(Stundenerfassung!$C$2=Dropdowns!$B$2,D2,Stundenerfassung!$C$2="",D2,Stundenerfassung!$C$2=Dropdowns!$B$3,E2)} -> Sprachauswahl | D2: Sprachauswahl | E2: Language Selection
A3: 44377 | C3: {=_xlfn.IFS(Stundenerfassung!$C$2=Dropdowns!$B$2,D3,Stundenerfassung!$C$2="",D3,Stundenerfassung!$C$2=Dropdowns!$B$3,E3)} -> Firma | D3: Firma | E3: Company
C4: {=_xlfn.IFS(Stundenerfassung!$C$2=Dropdowns!$B$2,D4,Stundenerfassung!$C$2="",D4,Stundenerfassung!$C$2=Dropdowns!$B$3,E4)} -> Mandantennummer | D4: Mandantennummer | E4: Client number
C5: {=_xlfn.IFS(Stundenerfassung!$C$2=Dropdowns!$B$2,D5,Stundenerfassung!$C$2="",D5,Stundenerfassung!$C$2=Dropdowns!$B$3,E5)} -> Abrechnungszeitraum | D5: Abrechnungszeitraum | E5: Payroll Period
C6: {=_xlfn.IFS(Stundenerfassung!$C$2=Dropdowns!$B$2,D6,Stundenerfassung!$C$2="",D6,Stundenerfassung!$C$2=Dropdowns!$B$3,E6)} -> Personalnummer | D6: Personalnummer | E6: Personel number
C7: {=_xlfn.IFS(Stundenerfassung!$C$2=Dropdowns!$B$2,D7,Stundenerfassung!$C$2="",D7,Stundenerfassung!$C$2=Dropdowns!$B$3,E7)} -> Arbeitnehmer | D7: Arbeitnehmer | E7: Employee
C8: {=_xlfn.IFS(Stundenerfassung!$C$2=Dropdowns!$B$2,D8,Stundenerfassung!$C$2="",D8,Stundenerfassung!$C$2=Dropdowns!$B$3,E8)} -> Lohnart: | D8: Lohnart: | E8: Wage type:
C9: {=_xlfn.IFS(Stundenerfassung!$C$2=Dropdowns!$B$2,D9,Stundenerfassung!$C$2="",D9,Stundenerfassung!$C$2=Dropdowns!$B$3,E9)} -> Betrag | D9: Betrag | E9: Amount
C10: {=_xlfn.IFS(Stundenerfassung!$C$2=Dropdowns!$B$2,D10,Stundenerfassung!$C$2="",D10,Stundenerfassung!$C$2=Dropdowns!$B$3,E10)} -> Zeit | D10: Zeit | E10: Time
C11: {=_xlfn.IFS(Stundenerfassung!$C$2=Dropdowns!$B$2,D11,Stundenerfassung!$C$2="",D11,Stundenerfassung!$C$2=Dropdowns!$B$3,E11)} -> Fest | D11: Fest | E11: Fix
C12: {=_xlfn.IFS(Stundenerfassung!$C$2=Dropdowns!$B$2,D12,Stundenerfassung!$C$2="",D12,Stundenerfassung!$C$2=Dropdowns!$B$3,E12)} -> Variabel | D12: Variabel | E12: Variable

Sheet Dropdowns
B1: Sprachauswahl | D1: Lohnartwertart | F1: Lohnartart | H1: Datum
B2: Deutsch | D2: Betrag | F2: Fest | H2: =EDATE(H3,1) -> 46126
B3: Englisch | D3: Zeit | F3: Variabel | H3: =TODAY() -> 46095
H4: =EDATE(H3,-1) -> 46067
H5: =EDATE(H4,-1) -> 46036
H6: =EDATE(H5,-1) -> 46005
H7: =EDATE(H6,-1) -> 45975
H8: =EDATE(H7,-1) -> 45944
H9: =EDATE(H8,-1) -> 45914
H10: =EDATE(H9,-1) -> 45883
H11: =EDATE(H10,-1) -> 45852
H12: =EDATE(H11,-1) -> 45822
